Name,Team,imageUrl
Ajay Mandal,CSK,"https://img1.hscicdn.com/image/upload/f_auto,t_ds_square_w_640,q_50/lsci/db/PICTURES/CMS/322200/322236.png"
Ajinkya Rahane,CSK,"https://img1.hscicdn.com/image/upload/f_auto,t_ds_square_w_640,q_50/lsci/db/PICTURES/CMS/316500/316557.png"
Deepak Chahar,CSK,"https://img1.hscicdn.com/image/upload/f_auto,t_ds_square_w_640,q_50/lsci/db/PICTURES/CMS/379000/379037.4.jpg"
Devon Conway,CSK,"https://img1.hscicdn.com/image/upload/f_auto,t_ds_square_w_640,q_50/lsci/db/PICTURES/CMS/322700/322704.png"
Maheesh Theekshana,CSK,"https://img1.hscicdn.com/image/upload/f_auto,t_ds_square_w_640,q_50/lsci/db/PICTURES/CMS/339100/339160.png"
Matheesha Pathirana,CSK,"https://img1.hscicdn.com/image/upload/f_auto,t_ds_square_w_640,q_50/lsci/db/PICTURES/CMS/319900/319946.png"
Mitchell Santner,CSK,"https://img1.hscicdn.com/image/upload/f_auto,t_ds_square_w_640,q_50/lsci/db/PICTURES/CMS/322700/322703.png"
Moeen Ali,CSK,"https://img1.hscicdn.com/image/upload/f_auto,t_ds_square_w_640,q_50/lsci/db/PICTURES/CMS/324200/324238.png"
MS Dhoni,CSK,"https://img1.hscicdn.com/image/upload/f_auto,t_ds_square_w_640,q_50/lsci/db/PICTURES/CMS/339100/339157.png"
Mukesh Choudhary,CSK,"https://img1.hscicdn.com/image/upload/f_auto,t_ds_square_w_640,q_50/lsci/db/PICTURES/CMS/316600/316600.png"
Nishant Sindhu,CSK,"https://img1.hscicdn.com/image/upload/f_auto,t_ds_square_w_640,q_50/lsci/db/PICTURES/CMS/314900/314902.jpg"
Prashant Solanki,CSK,"https://img1.hscicdn.com/image/upload/f_auto,t_ds_square_w_640,q_50/lsci/db/PICTURES/CMS/321200/321212.png"
Rajvardhan Hangargekar,CSK,"https://img1.hscicdn.com/image/upload/f_auto,t_ds_square_w_640,q_50/lsci/db/PICTURES/CMS/356800/356834.1.png"
Ravindra Jadeja,CSK,"https://img1.hscicdn.com/image/upload/f_auto,t_ds_square_w_640,q_50/lsci/db/PICTURES/CMS/319700/319734.png"
Ruturaj Gaikwad,CSK,"https://img1.hscicdn.com/image/upload/f_auto,t_ds_square_w_640,q_50/lsci/db/PICTURES/CMS/355400/355402.png"
Shaik Rasheed,CSK,"https://img1.hscicdn.com/image/upload/f_auto,t_ds_square_w_640,q_50/lsci/db/PICTURES/CMS/316600/316620.png"
Shivam Dube,CSK,"https://img1.hscicdn.com/image/upload/f_auto,t_ds_square_w_640,q_50/lsci/db/PICTURES/CMS/345000/345086.png"
Simarjeet Singh,CSK,"https://img1.hscicdn.com/image/upload/f_auto,t_ds_square_w_640,q_50/lsci/db/PICTURES/CMS/329700/329746.png"
Tushar Deshpande,CSK,"https://img1.hscicdn.com/image/upload/f_auto,t_ds_square_w_640,q_50/lsci/db/PICTURES/CMS/378000/378091.1.png"
Rachin Ravindra,CSK,"https://img1.hscicdn.com/image/upload/f_auto,t_ds_square_w_640,q_50/lsci/db/PICTURES/CMS/319700/319792.png"
Shardul Thakur,CSK,"https://img1.hscicdn.com/image/upload/f_auto,t_ds_square_w_640,q_50/lsci/db/PICTURES/CMS/356800/356835.1.png"
Daryl Mitchell,CSK,"https://img1.hscicdn.com/image/upload/f_auto,t_ds_square_w_640,q_50/lsci/db/PICTURES/CMS/345000/345097.png"
Sameer Rizvi,CSK,"https://img1.hscicdn.com/image/upload/f_auto,t_ds_square_w_640,q_50/lsci/db/PICTURES/CMS/356800/356836.1.png"
Mustafizur Rahman,CSK,"https://img1.hscicdn.com/image/upload/f_auto,t_ds_square_w_640,q_50/lsci/db/PICTURES/CMS/322600/322696.png"
Avanish Rao Aravelly,CSK,"https://img1.hscicdn.com/image/upload/f_auto,t_ds_square_w_640,q_50/lsci/db/PICTURES/CMS/347800/347825.png"
Abhishek Porel,DC,"https://img1.hscicdn.com/image/upload/f_auto,t_ds_square_w_640,q_50/lsci/db/PICTURES/CMS/321200/321214.png"
Anrich Nortje,DC,"https://img1.hscicdn.com/image/upload/f_auto,t_ds_square_w_640,q_50/lsci/db/PICTURES/CMS/323000/323036.png"
Axar Patel,DC,"https://img1.hscicdn.com/image/upload/f_auto,t_ds_square_w_640,q_50/lsciNone"
David Warner,DC,"https://img1.hscicdn.com/image/upload/f_auto,t_ds_square_w_640,q_50/lsci/db/PICTURES/CMS/322200/322268.png"
Ishant Sharma,DC,"https://img1.hscicdn.com/image/upload/f_auto,t_ds_square_w_640,q_50/lsci/db/PICTURES/CMS/314800/314834.jpg"
Kuldeep Yadav,DC,"https://img1.hscicdn.com/image/upload/f_auto,t_ds_square_w_640,q_50/lsciNone"
Lalit Yadav,DC,"https://img1.hscicdn.com/image/upload/f_auto,t_ds_square_w_640,q_50/lsci/db/PICTURES/CMS/339100/339162.png"
Lungisani Ngidi,DC,"https://img1.hscicdn.com/image/upload/f_auto,t_ds_square_w_640,q_50/lsci/db/PICTURES/CMS/310700/310753.jpg"
Mitchell Marsh,DC,"https://img1.hscicdn.com/image/upload/f_auto,t_ds_square_w_640,q_50/lsci/db/PICTURES/CMS/299800/299893.1.jpg"
Mukesh Kumar,DC,"https://img1.hscicdn.com/image/upload/f_auto,t_ds_square_w_640,q_50/lsci/db/PICTURES/CMS/320100/320122.png"
Pravin Dubey,DC,"https://img1.hscicdn.com/image/upload/f_auto,t_ds_square_w_640,q_50/lsci/db/PICTURES/CMS/319900/319943.png"
Prithvi Shaw,DC,"https://img1.hscicdn.com/image/upload/f_auto,t_ds_square_w_640,q_50/lsci/db/PICTURES/CMS/378100/378131.1.png"
Rishabh Pant,DC,"https://img1.hscicdn.com/image/upload/f_auto,t_ds_square_w_640,q_50/lsci/db/PICTURES/CMS/339100/339152.png"
Syed Khaleel Ahmed,DC,"https://img1.hscicdn.com/image/upload/f_auto,t_ds_square_w_640,q_50/lsci/db/PICTURES/CMS/316600/316612.png"
Vicky Ostwal,DC,"https://img1.hscicdn.com/image/upload/f_auto,t_ds_square_w_640,q_50/lsci/db/PICTURES/CMS/373900/373907.png"
Yash Dhull,DC,"https://img1.hscicdn.com/image/upload/f_auto,t_ds_square_w_640,q_50/lsci/db/PICTURES/CMS/322000/322080.png"
Harry Brook,DC,"https://img1.hscicdn.com/image/upload/f_auto,t_ds_square_w_640,q_50/lsci/db/PICTURES/CMS/339100/339161.png"
Tristan Stubbs,DC,"https://img1.hscicdn.com/image/upload/f_auto,t_ds_square_w_640,q_50/lsci/db/PICTURES/CMS/331100/331164.png"
Ricky Bhui,DC,"https://img1.hscicdn.com/image/upload/f_auto,t_ds_square_w_640,q_50/lsci/db/PICTURES/CMS/341000/341040.png"
Kumar Kushagra,DC,"https://img1.hscicdn.com/image/upload/f_auto,t_ds_square_w_640,q_50/lsci/db/PICTURES/CMS/321500/321591.png"
Rasikh Dar,DC,"https://img1.hscicdn.com/image/upload/f_auto,t_ds_square_w_640,q_50/lsci/db/PICTURES/CMS/316600/316602.png"
Jhye Richardson,DC,"https://img1.hscicdn.com/image/upload/f_auto,t_ds_square_w_640,q_50/lsci/db/PICTURES/CMS/322600/322622.png"
Sumit Kumar,DC,"https://img1.hscicdn.com/image/upload/f_auto,t_ds_square_w_640,q_50/lsci/db/PICTURES/CMS/348500/348577.png"
Shai Hope,DC,"https://img1.hscicdn.com/image/upload/f_auto,t_ds_square_w_640,q_50/lsciNone"
Swastik Chhikara,DC,"https://img1.hscicdn.com/image/upload/f_auto,t_ds_square_w_640,q_50/lsci/db/PICTURES/CMS/316500/316589.png"
Abhinav Manohar,GT,"https://img1.hscicdn.com/image/upload/f_auto,t_ds_square_w_640,q_50/lsci/db/PICTURES/CMS/329700/329749.png"
Sai Sudharsan,GT,"https://img1.hscicdn.com/image/upload/f_auto,t_ds_square_w_640,q_50/lsci/db/PICTURES/CMS/324200/324246.png"
Darshan Nalkande,GT,"https://img1.hscicdn.com/image/upload/f_auto,t_ds_square_w_640,q_50/lsci/db/PICTURES/CMS/322000/322069.png"
David Miller,GT,"https://img1.hscicdn.com/image/upload/f_auto,t_ds_square_w_640,q_50/lsci/db/PICTURES/CMS/322600/322697.png"
Jayant Yadav,GT,"https://img1.hscicdn.com/image/upload/f_auto,t_ds_square_w_640,q_50/lsci/db/PICTURES/CMS/375400/375447.png"
Joshua Little,GT,"https://img1.hscicdn.com/image/upload/f_auto,t_ds_square_w_640,q_50/lsci/db/PICTURES/CMS/374500/374591.1.png"
Kane Williamson,GT,"https://img1.hscicdn.com/image/upload/f_auto,t_ds_square_w_640,q_50/lsci/db/PICTURES/CMS/339100/339150.png"
Matthew Wade,GT,"https://img1.hscicdn.com/image/upload/f_auto,t_ds_square_w_640,q_50/lsci/db/PICTURES/CMS/367800/367860.png"
Mohammed Shami,GT,"https://img1.hscicdn.com/image/upload/f_auto,t_ds_square_w_640,q_50/lsciNone"
Mohit Sharma,GT,"https://img1.hscicdn.com/image/upload/f_auto,t_ds_square_w_640,q_50/lsci/db/PICTURES/CMS/316600/316655.png"
Noor Ahmad,GT,"https://img1.hscicdn.com/image/upload/f_auto,t_ds_square_w_640,q_50/lsciNone"
R Sai Kishore,GT,"https://img1.hscicdn.com/image/upload/f_auto,t_ds_square_w_640,q_50/lsci/db/PICTURES/CMS/357400/357411.1.jpg"
Rahul Tewatia,GT,"https://img1.hscicdn.com/image/upload/f_auto,t_ds_square_w_640,q_50/lsci/db/PICTURES/CMS/372500/372590.1.png"
Rashid Khan,GT,"https://img1.hscicdn.com/image/upload/f_auto,t_ds_square_w_640,q_50/lsci/db/PICTURES/CMS/320500/320506.png"
Shubman Gill,GT,"https://img1.hscicdn.com/image/upload/f_auto,t_ds_square_w_640,q_50/lsci/db/PICTURES/CMS/323000/323033.png"
Vijay Shankar,GT,"https://img1.hscicdn.com/image/upload/f_auto,t_ds_square_w_640,q_50/lsci/db/PICTURES/CMS/362500/362558.4.jpg"
Wriddhiman Saha,GT,"https://img1.hscicdn.com/image/upload/f_auto,t_ds_square_w_640,q_50/lsci/db/PICTURES/CMS/361800/361891.1.png"
Azmatullah Omarzai,GT,"https://img1.hscicdn.com/image/upload/f_auto,t_ds_square_w_640,q_50/lsci/db/PICTURES/CMS/359700/359763.png"
Umesh Yadav,GT,"https://img1.hscicdn.com/image/upload/f_auto,t_ds_square_w_640,q_50/lsci/db/PICTURES/CMS/359700/359756.png"
Shahrukh Khan,GT,"https://img1.hscicdn.com/image/upload/f_auto,t_ds_square_w_640,q_50/lsci/db/PICTURES/CMS/322600/322613.png"
Sushant Mishra,GT,"https://img1.hscicdn.com/image/upload/f_auto,t_ds_square_w_640,q_50/lsciNone"
Kartik Tyagi,GT,"https://img1.hscicdn.com/image/upload/f_auto,t_ds_square_w_640,q_50/lsci/db/PICTURES/CMS/316700/316702.png"
Manav Suthar,GT,"https://img1.hscicdn.com/image/upload/f_auto,t_ds_square_w_640,q_50/lsci/db/PICTURES/CMS/286100/286141.1.jpg"
Spencer Johnson,GT,"https://img1.hscicdn.com/image/upload/f_auto,t_ds_square_w_640,q_50/lsci/db/PICTURES/CMS/322200/322269.png"
Robin Minz,GT,"https://img1.hscicdn.com/image/upload/f_auto,t_ds_square_w_640,q_50/lsci/db/PICTURES/CMS/316500/316594.png"
Nitish Rana,KKR,"https://img1.hscicdn.com/image/upload/f_auto,t_ds_square_w_640,q_50/lsci/db/PICTURES/CMS/316600/316618.png"
Rinku Singh,KKR,"https://img1.hscicdn.com/image/upload/f_auto,t_ds_square_w_640,q_50/lsci/db/PICTURES/CMS/322500/322553.png"
Rahmanullah Gurbaz,KKR,"https://img1.hscicdn.com/image/upload/f_auto,t_ds_square_w_640,q_50/lsci/db/PICTURES/CMS/316600/316667.png"
Shreyas Iyer,KKR,"https://img1.hscicdn.com/image/upload/f_auto,t_ds_square_w_640,q_50/lsciNone"
Jason Roy,KKR,"https://img1.hscicdn.com/image/upload/f_auto,t_ds_square_w_640,q_50/lsci/db/PICTURES/CMS/316600/316691.png"
Sunil Narine,KKR,"https://img1.hscicdn.com/image/upload/f_auto,t_ds_square_w_640,q_50/lsci/db/PICTURES/CMS/323000/323035.png"
Suyash Sharma,KKR,"https://img1.hscicdn.com/image/upload/f_auto,t_ds_square_w_640,q_50/lsci/db/PICTURES/CMS/357000/357019.1.png"
Anukul Roy,KKR,"https://img1.hscicdn.com/image/upload/f_auto,t_ds_square_w_640,q_50/lsci/db/PICTURES/CMS/354100/354136.png"
Andre Russell,KKR,"https://img1.hscicdn.com/image/upload/f_auto,t_ds_square_w_640,q_50/lsci/db/PICTURES/CMS/319800/319862.png"
Venkatesh Iyer,KKR,"https://img1.hscicdn.com/image/upload/f_auto,t_ds_square_w_640,q_50/lsciNone"
Harshit Rana,KKR,"https://img1.hscicdn.com/image/upload/f_auto,t_ds_square_w_640,q_50/lsci/db/PICTURES/CMS/358000/358042.png"
Vaibhav Arora,KKR,"https://img1.hscicdn.com/image/upload/f_auto,t_ds_square_w_640,q_50/lsci/db/PICTURES/CMS/337100/337187.png"
Varun Chakaravarthy,KKR,"https://img1.hscicdn.com/image/upload/f_auto,t_ds_square_w_640,q_50/lsci/db/PICTURES/CMS/320100/320119.png"
KS Bharat,KKR,"https://img1.hscicdn.com/image/upload/f_auto,t_ds_square_w_640,q_50/lsci/db/PICTURES/CMS/323000/323052.png"
Chetan Sakariya,KKR,"https://img1.hscicdn.com/image/upload/f_auto,t_ds_square_w_640,q_50/lsci/db/PICTURES/CMS/345000/345093.png"
Mitchell Starc,KKR,"https://img1.hscicdn.com/image/upload/f_auto,t_ds_square_w_640,q_50/lsci/db/PICTURES/CMS/320500/320504.png"
Angkrish Raghuvanshi,KKR,"https://img1.hscicdn.com/image/upload/f_auto,t_ds_square_w_640,q_50/lsci/db/PICTURES/CMS/357800/357844.1.png"
Ramandeep Singh,KKR,"https://img1.hscicdn.com/image/upload/f_auto,t_ds_square_w_640,q_50/lsci/db/PICTURES/CMS/323000/323054.png"
Sherfane Rutherford,KKR,"https://img1.hscicdn.com/image/upload/f_auto,t_ds_square_w_640,q_50/lsci/db/PICTURES/CMS/341000/341041.png"
Manish Pandey,KKR,"https://img1.hscicdn.com/image/upload/f_auto,t_ds_square_w_640,q_50/lsci/db/PICTURES/CMS/316600/316615.png"
Mujeeb Ur Rehman,KKR,"https://img1.hscicdn.com/image/upload/f_auto,t_ds_square_w_640,q_50/lsci/db/PICTURES/CMS/322100/322173.png"
Gus Atkinson,KKR,"https://img1.hscicdn.com/image/upload/f_auto,t_ds_square_w_640,q_50/lsci/db/PICTURES/CMS/339100/339148.png"
Sakib Hussain,KKR,"https://img1.hscicdn.com/image/upload/f_auto,t_ds_square_w_640,q_50/lsciNone"
KL Rahul,LSG,"https://img1.hscicdn.com/image/upload/f_auto,t_ds_square_w_640,q_50/lsci/db/PICTURES/CMS/324200/324245.png"
Quinton de Kock,LSG,"https://img1.hscicdn.com/image/upload/f_auto,t_ds_square_w_640,q_50/lsci/db/PICTURES/CMS/341000/341043.png"
Nicholas Pooran,LSG,"https://img1.hscicdn.com/image/upload/f_auto,t_ds_square_w_640,q_50/lsci/db/PICTURES/CMS/316600/316644.png"
Ayush Badoni,LSG,"https://img1.hscicdn.com/image/upload/f_auto,t_ds_square_w_640,q_50/lsci/db/PICTURES/CMS/358000/358041.png"
Kyle Mayers,LSG,"https://img1.hscicdn.com/image/upload/f_auto,t_ds_square_w_640,q_50/lsci/db/PICTURES/CMS/331100/331167.png"
Marcus Stoinis,LSG,"https://img1.hscicdn.com/image/upload/f_auto,t_ds_square_w_640,q_50/lsci/db/PICTURES/CMS/296200/296215.1.jpg"
Deepak Hooda,LSG,"https://img1.hscicdn.com/image/upload/f_auto,t_ds_square_w_640,q_50/lsci/db/PICTURES/CMS/320500/320501.png"
Ravi Bishnoi,LSG,"https://img1.hscicdn.com/image/upload/f_auto,t_ds_square_w_640,q_50/lsci/db/PICTURES/CMS/319700/319791.png"
Naveen ul Haq,LSG,"https://img1.hscicdn.com/image/upload/f_auto,t_ds_square_w_640,q_50/lsci/db/PICTURES/CMS/319900/319942.png"
Krunal Pandya,LSG,"https://img1.hscicdn.com/image/upload/f_auto,t_ds_square_w_640,q_50/lsci/db/PICTURES/CMS/378100/378129.1.png"
Yudhvir Singh,LSG,"https://img1.hscicdn.com/image/upload/f_auto,t_ds_square_w_640,q_50/lsciNone"
Prerak Mankad,LSG,"https://img1.hscicdn.com/image/upload/f_auto,t_ds_square_w_640,q_50/lsci/db/PICTURES/CMS/316600/316668.png"
Yash Thakur,LSG,"https://img1.hscicdn.com/image/upload/f_auto,t_ds_square_w_640,q_50/lsci/db/PICTURES/CMS/356800/356850.1.png"
Amit Mishra,LSG,"https://img1.hscicdn.com/image/upload/f_auto,t_ds_square_w_640,q_50/lsci/db/PICTURES/CMS/321200/321247.png"
Mark Wood,LSG,"https://img1.hscicdn.com/image/upload/f_auto,t_ds_square_w_640,q_50/lsci/db/PICTURES/CMS/345000/345083.png"
Mayank Yadav,LSG,"https://img1.hscicdn.com/image/upload/f_auto,t_ds_square_w_640,q_50/lsci/db/PICTURES/CMS/373700/373784.1.png"
Mohsin Khan,LSG,"https://img1.hscicdn.com/image/upload/f_auto,t_ds_square_w_640,q_50/lsci/db/PICTURES/CMS/378100/378126.4.jpg"
K Gowtham,LSG,"https://img1.hscicdn.com/image/upload/f_auto,t_ds_square_w_640,q_50/lsci/db/PICTURES/CMS/378100/378128.1.png"
Devdutt Padikkal,LSG,"https://img1.hscicdn.com/image/upload/f_auto,t_ds_square_w_640,q_50/lsci/db/PICTURES/CMS/322000/322024.png"
Shivam Mavi,LSG,"https://img1.hscicdn.com/image/upload/f_auto,t_ds_square_w_640,q_50/lsci/db/PICTURES/CMS/323000/323053.png"
Arshin Kulkarni,LSG,"https://img1.hscicdn.com/image/upload/f_auto,t_ds_square_w_640,q_50/lsci/db/PICTURES/CMS/359700/359759.png"
M Siddharth,LSG,"https://img1.hscicdn.com/image/upload/f_auto,t_ds_square_w_640,q_50/lsci/db/PICTURES/CMS/320500/320502.png"
Ashton Turner,LSG,"https://img1.hscicdn.com/image/upload/f_auto,t_ds_square_w_640,q_50/lsci/db/PICTURES/CMS/322200/322229.png"
David Willey,LSG,"https://img1.hscicdn.com/image/upload/f_auto,t_ds_square_w_640,q_50/lsci/db/PICTURES/CMS/322600/322614.png"
Mohammed Arshad Khan,LSG,"https://img1.hscicdn.com/image/upload/f_auto,t_ds_square_w_640,q_50/lsci/db/PICTURES/CMS/320100/320109.png"
Rohit Sharma,MI,"https://img1.hscicdn.com/image/upload/f_auto,t_ds_square_w_640,q_50/lsci/db/PICTURES/CMS/337100/337188.png"
Dewald Brevis,MI,"https://img1.hscicdn.com/image/upload/f_auto,t_ds_square_w_640,q_50/lsci/db/PICTURES/CMS/331000/331042.png"
Suryakumar Yadav,MI,"https://img1.hscicdn.com/image/upload/f_auto,t_ds_square_w_640,q_50/lsci/db/PICTURES/CMS/321500/321596.png"
Ishan Kishan,MI,"https://img1.hscicdn.com/image/upload/f_auto,t_ds_square_w_640,q_50/lsci/db/PICTURES/CMS/321500/321560.png"
Tilak Verma,MI,"https://img1.hscicdn.com/image/upload/f_auto,t_ds_square_w_640,q_50/lsci/db/PICTURES/CMS/373900/373904.png"
Tim David,MI,"https://img1.hscicdn.com/image/upload/f_auto,t_ds_square_w_640,q_50/lsci/db/PICTURES/CMS/356700/356790.1.png"
Vishnu Vinod,MI,"https://img1.hscicdn.com/image/upload/f_auto,t_ds_square_w_640,q_50/lsci/db/PICTURES/CMS/314700/314789.jpg"
Arjun Tendulkar,MI,"https://img1.hscicdn.com/image/upload/f_auto,t_ds_square_w_640,q_50/lsci/db/PICTURES/CMS/341000/341042.png"
Shams Mulani,MI,"https://img1.hscicdn.com/image/upload/f_auto,t_ds_square_w_640,q_50/lsci/db/PICTURES/CMS/322900/322904.png"
Nehal Wadhera,MI,"https://img1.hscicdn.com/image/upload/f_auto,t_ds_square_w_640,q_50/lsci/db/PICTURES/CMS/316600/316660.png"
Jasprit Bumrah,MI,"https://img1.hscicdn.com/image/upload/f_auto,t_ds_square_w_640,q_50/lsci/db/PICTURES/CMS/319900/319938.png"
Kumar Kartikeya,MI,"https://img1.hscicdn.com/image/upload/f_auto,t_ds_square_w_640,q_50/lsci/db/PICTURES/CMS/335100/335134.png"
Piyush Chawla,MI,"https://img1.hscicdn.com/image/upload/f_auto,t_ds_square_w_640,q_50/lsci/db/PICTURES/CMS/319900/319940.png"
Akash Madhwal,MI,"https://img1.hscicdn.com/image/upload/f_auto,t_ds_square_w_640,q_50/lsci/db/PICTURES/CMS/322200/322272.png"
Jason Behrendorff,MI,"https://img1.hscicdn.com/image/upload/f_auto,t_ds_square_w_640,q_50/lsci/db/PICTURES/CMS/348500/348579.png"
Hardik Pandya,MI,"https://img1.hscicdn.com/image/upload/f_auto,t_ds_square_w_640,q_50/lsci/db/PICTURES/CMS/340300/340305.png"
Romario Shepherd,MI,"https://img1.hscicdn.com/image/upload/f_auto,t_ds_square_w_640,q_50/lsci/db/PICTURES/CMS/271800/271897.jpg"
Gerald Coetzee,MI,"https://img1.hscicdn.com/image/upload/f_auto,t_ds_square_w_640,q_50/lsci/db/PICTURES/CMS/322200/322275.png"
Dilshan Madushanka,MI,"https://img1.hscicdn.com/image/upload/f_auto,t_ds_square_w_640,q_50/lsci/db/PICTURES/CMS/331100/331165.png"
Shreyas Gopal,MI,"https://img1.hscicdn.com/image/upload/f_auto,t_ds_square_w_640,q_50/lsciNone"
Nuwan Thushara,MI,"https://img1.hscicdn.com/image/upload/f_auto,t_ds_square_w_640,q_50/lsci/db/PICTURES/CMS/359700/359773.png"
Naman Dhir,MI,"https://img1.hscicdn.com/image/upload/f_auto,t_ds_square_w_640,q_50/lsci/db/PICTURES/CMS/314900/314988.png"
Anshul Kamboj,MI,"https://img1.hscicdn.com/image/upload/f_auto,t_ds_square_w_640,q_50/lsci/db/PICTURES/CMS/339500/339569.4.jpg"
Mohammad Nabi,MI,"https://img1.hscicdn.com/image/upload/f_auto,t_ds_square_w_640,q_50/lsci/db/PICTURES/CMS/316500/316558.png"
Shivalik Sharma,MI,"https://img1.hscicdn.com/image/upload/f_auto,t_ds_square_w_640,q_50/lsci/db/PICTURES/CMS/357800/357845.1.png"
Shikhar Dhawan,PBKS,"https://img1.hscicdn.com/image/upload/f_auto,t_ds_square_w_640,q_50/lsci/db/PICTURES/CMS/378100/378130.1.png"
Liam Livingstone,PBKS,"https://img1.hscicdn.com/image/upload/f_auto,t_ds_square_w_640,q_50/lsciNone"
Jonny Bairstow,PBKS,"https://img1.hscicdn.com/image/upload/f_auto,t_ds_square_w_640,q_50/lsci/db/PICTURES/CMS/316500/316584.png"
Jitesh Sharma,PBKS,"https://img1.hscicdn.com/image/upload/f_auto,t_ds_square_w_640,q_50/lsci/db/PICTURES/CMS/322000/322037.png"
Shivam Singh,PBKS,"https://img1.hscicdn.com/image/upload/f_auto,t_ds_square_w_640,q_50/lsci/db/PICTURES/CMS/359700/359770.png"
Rahul Chahar,PBKS,"https://img1.hscicdn.com/image/upload/f_auto,t_ds_square_w_640,q_50/lsci/db/PICTURES/CMS/343400/343442.gif"
Prabhsimran Singh,PBKS,"https://img1.hscicdn.com/image/upload/f_auto,t_ds_square_w_640,q_50/lsci/db/PICTURES/CMS/314700/314790.jpg"
Arshdeep Singh,PBKS,"https://img1.hscicdn.com/image/upload/f_auto,t_ds_square_w_640,q_50/lsci/db/PICTURES/CMS/357800/357843.1.png"
Harpreet Bhatia,PBKS,"https://img1.hscicdn.com/image/upload/f_auto,t_ds_square_w_640,q_50/lsci/db/PICTURES/CMS/324300/324367.png"
Harpreet Brar,PBKS,"https://img1.hscicdn.com/image/upload/f_auto,t_ds_square_w_640,q_50/lsci/db/PICTURES/CMS/331100/331163.png"
Atharva Taide,PBKS,"https://img1.hscicdn.com/image/upload/f_auto,t_ds_square_w_640,q_50/lsci/db/PICTURES/CMS/321500/321589.png"
Vidwath Kaverappa,PBKS,"https://img1.hscicdn.com/image/upload/f_auto,t_ds_square_w_640,q_50/lsci/db/PICTURES/CMS/348600/348600.png"
Rishi Dhawan,PBKS,"https://img1.hscicdn.com/image/upload/f_auto,t_ds_square_w_640,q_50/lsci/db/PICTURES/CMS/359700/359774.png"
Kagiso Rabada,PBKS,"https://img1.hscicdn.com/image/upload/f_auto,t_ds_square_w_640,q_50/lsci/db/PICTURES/CMS/316500/316524.png"
Sam Curran,PBKS,"https://img1.hscicdn.com/image/upload/f_auto,t_ds_square_w_640,q_50/lsci/db/PICTURES/CMS/322100/322178.png"
Nathan Ellis,PBKS,"https://img1.hscicdn.com/image/upload/f_auto,t_ds_square_w_640,q_50/lsci/db/PICTURES/CMS/319700/319794.png"
Sikandar Raza,PBKS,"https://img1.hscicdn.com/image/upload/f_auto,t_ds_square_w_640,q_50/lsci/db/PICTURES/CMS/331100/331166.png"
Harshal Patel,PBKS,"https://img1.hscicdn.com/image/upload/f_auto,t_ds_square_w_640,q_50/lsci/db/PICTURES/CMS/323100/323113.png"
Chris Woakes,PBKS,"https://img1.hscicdn.com/image/upload/f_auto,t_ds_square_w_640,q_50/lsci/db/PICTURES/CMS/322600/322604.png"
Ashutosh Sharma,PBKS,"https://img1.hscicdn.com/image/upload/f_auto,t_ds_square_w_640,q_50/lsci/db/PICTURES/CMS/329700/329711.png"
Vishwanath Pratap Singh,PBKS,"https://img1.hscicdn.com/image/upload/f_auto,t_ds_square_w_640,q_50/lsci/db/PICTURES/CMS/358000/358045.png"
Shashank Singh,PBKS,"https://img1.hscicdn.com/image/upload/f_auto,t_ds_square_w_640,q_50/lsci/db/PICTURES/CMS/314900/314906.jpg"
Tanay Thyagarajan,PBKS,"https://img1.hscicdn.com/image/upload/f_auto,t_ds_square_w_640,q_50/lsci/db/PICTURES/CMS/378100/378123.1.png"
Prince Choudhary,PBKS,"https://img1.hscicdn.com/image/upload/f_auto,t_ds_square_w_640,q_50/lsci/db/PICTURES/CMS/323100/323103.png"
Rilee Rossouw,PBKS,"https://img1.hscicdn.com/image/upload/f_auto,t_ds_square_w_640,q_50/lsci/db/PICTURES/CMS/322200/322276.png"
Faf du Plessis,RCB,"https://img1.hscicdn.com/image/upload/f_auto,t_ds_square_w_640,q_50/lsci/db/PICTURES/CMS/358000/358040.png"
Glenn Maxwell,RCB,"https://img1.hscicdn.com/image/upload/f_auto,t_ds_square_w_640,q_50/lsciNone"
Virat Kohli,RCB,"https://img1.hscicdn.com/image/upload/f_auto,t_ds_square_w_640,q_50/lsci/db/PICTURES/CMS/320300/320376.png"
Rajat Patidar,RCB,"https://img1.hscicdn.com/image/upload/f_auto,t_ds_square_w_640,q_50/lsci/db/PICTURES/CMS/316600/316651.png"
Anuj Rawat,RCB,"https://img1.hscicdn.com/image/upload/f_auto,t_ds_square_w_640,q_50/lsci/db/PICTURES/CMS/378100/378124.1.png"
Dinesh Karthik,RCB,"https://img1.hscicdn.com/image/upload/f_auto,t_ds_square_w_640,q_50/lsci/db/PICTURES/CMS/378100/378121.1.png"
Suyash Prabhudessai,RCB,"https://img1.hscicdn.com/image/upload/f_auto,t_ds_square_w_640,q_50/lsci/db/PICTURES/CMS/314900/314914.jpg"
Will Jacks,RCB,"https://img1.hscicdn.com/image/upload/f_auto,t_ds_square_w_640,q_50/lsci/db/PICTURES/CMS/362300/362381.4.jpg"
Mahipal Lomror,RCB,"https://img1.hscicdn.com/image/upload/f_auto,t_ds_square_w_640,q_50/lsci/db/PICTURES/CMS/316600/316632.png"
Karn Sharma,RCB,"https://img1.hscicdn.com/image/upload/f_auto,t_ds_square_w_640,q_50/lsciNone"
Manoj Bhandage,RCB,"https://img1.hscicdn.com/image/upload/f_auto,t_ds_square_w_640,q_50/lsci/db/PICTURES/CMS/358000/358044.png"
Vyshak Vijaykumar,RCB,"https://img1.hscicdn.com/image/upload/f_auto,t_ds_square_w_640,q_50/lsci/db/PICTURES/CMS/314700/314792.jpg"
Akash Deep,RCB,"https://img1.hscicdn.com/image/upload/f_auto,t_ds_square_w_640,q_50/lsci/db/PICTURES/CMS/316600/316603.png"
Mohammed Siraj,RCB,"https://img1.hscicdn.com/image/upload/f_auto,t_ds_square_w_640,q_50/lsci/db/PICTURES/CMS/322700/322701.png"
Reece Topley,RCB,"https://img1.hscicdn.com/image/upload/f_auto,t_ds_square_w_640,q_50/lsciNone"
Himanshu Sharma,RCB,"https://img1.hscicdn.com/image/upload/f_auto,t_ds_square_w_640,q_50/lsci/db/PICTURES/CMS/316500/316521.png"
Rajan Kumar,RCB,"https://img1.hscicdn.com/image/upload/f_auto,t_ds_square_w_640,q_50/lsci/db/PICTURES/CMS/322200/322244.png"
Mayank Dagar,RCB,"https://img1.hscicdn.com/image/upload/f_auto,t_ds_square_w_640,q_50/lsci/db/PICTURES/CMS/316600/316619.png"
Cameron Green,RCB,"https://img1.hscicdn.com/image/upload/f_auto,t_ds_square_w_640,q_50/lsci/db/PICTURES/CMS/297500/297549.1.jpg"
Alzarri Joseph,RCB,"https://img1.hscicdn.com/image/upload/f_auto,t_ds_square_w_640,q_50/lsci/db/PICTURES/CMS/316600/316642.png"
Yash Dayal,RCB,"https://img1.hscicdn.com/image/upload/f_auto,t_ds_square_w_640,q_50/lsci/db/PICTURES/CMS/319900/319955.png"
Tom Curran,RCB,"https://img1.hscicdn.com/image/upload/f_auto,t_ds_square_w_640,q_50/lsciNone"
Lockie Ferguson,RCB,"https://img1.hscicdn.com/image/upload/f_auto,t_ds_square_w_640,q_50/lsci/db/PICTURES/CMS/356800/356889.1.png"
Swapnil Singh,RCB,"https://img1.hscicdn.com/image/upload/f_auto,t_ds_square_w_640,q_50/lsci/db/PICTURES/CMS/320100/320116.png"
Saurav Chuahan,RCB,"https://img1.hscicdn.com/image/upload/f_auto,t_ds_square_w_640,q_50/lsci/db/PICTURES/CMS/340300/340309.png"
Sanju Samson,RR,"https://img1.hscicdn.com/image/upload/f_auto,t_ds_square_w_640,q_50/lsci/db/PICTURES/CMS/340300/340310.png"
Jos Buttler,RR,"https://img1.hscicdn.com/image/upload/f_auto,t_ds_square_w_640,q_50/lsci/db/PICTURES/CMS/325900/325917.png"
Shimron Hetmyer,RR,"https://img1.hscicdn.com/image/upload/f_auto,t_ds_square_w_640,q_50/lsci/db/PICTURES/CMS/378100/378132.1.png"
Yashasvi Jaiswal,RR,"https://img1.hscicdn.com/image/upload/f_auto,t_ds_square_w_640,q_50/lsci/db/PICTURES/CMS/322000/322072.png"
Dhruv Jurel,RR,"https://img1.hscicdn.com/image/upload/f_auto,t_ds_square_w_640,q_50/lsci/db/PICTURES/CMS/370900/370935.png"
Riyan Parag,RR,"https://img1.hscicdn.com/image/upload/f_auto,t_ds_square_w_640,q_50/lsci/db/PICTURES/CMS/322100/322172.png"
Donovan Ferreira,RR,"https://img1.hscicdn.com/image/upload/f_auto,t_ds_square_w_640,q_50/lsciNone"
Kunal Rathore,RR,"https://img1.hscicdn.com/image/upload/f_auto,t_ds_square_w_640,q_50/lsci/db/PICTURES/CMS/322700/322702.png"
Ravichandran Ashwin,RR,"https://img1.hscicdn.com/image/upload/f_auto,t_ds_square_w_640,q_50/lsci/db/PICTURES/CMS/323000/323055.png"
Kuldeep Sen,RR,"https://img1.hscicdn.com/image/upload/f_auto,t_ds_square_w_640,q_50/lsci/db/PICTURES/CMS/378100/378133.1.png"
Navdeep Saini,RR,"https://img1.hscicdn.com/image/upload/f_auto,t_ds_square_w_640,q_50/lsci/db/PICTURES/CMS/322600/322617.png"
Prasidh Krishna,RR,"https://img1.hscicdn.com/image/upload/f_auto,t_ds_square_w_640,q_50/lsci/db/PICTURES/CMS/321500/321549.png"
Sandeep Sharma,RR,"https://img1.hscicdn.com/image/upload/f_auto,t_ds_square_w_640,q_50/lsci/db/PICTURES/CMS/316500/316559.png"
Trent Boult,RR,"https://img1.hscicdn.com/image/upload/f_auto,t_ds_square_w_640,q_50/lsci/db/PICTURES/CMS/340300/340311.png"
Yuzvendra Chahal,RR,"https://img1.hscicdn.com/image/upload/f_auto,t_ds_square_w_640,q_50/lsci/db/PICTURES/CMS/359700/359757.png"
Adam Zampa,RR,"https://img1.hscicdn.com/image/upload/f_auto,t_ds_square_w_640,q_50/lsci/db/PICTURES/CMS/359700/359766.png"
Avesh Khan,RR,"https://img1.hscicdn.com/image/upload/f_auto,t_ds_square_w_640,q_50/lsciNone"
Rovman Powell,RR,"https://img1.hscicdn.com/image/upload/f_auto,t_ds_square_w_640,q_50/lsci/db/PICTURES/CMS/323100/323112.png"
Shubham Dubey,RR,"https://img1.hscicdn.com/image/upload/f_auto,t_ds_square_w_640,q_50/lsci/db/PICTURES/CMS/356800/356822.1.png"
Tom Kohler Cadmore,RR,"https://img1.hscicdn.com/image/upload/f_auto,t_ds_square_w_640,q_50/lsci/db/PICTURES/CMS/321200/321239.png"
Nandre Burger,RR,"https://img1.hscicdn.com/image/upload/f_auto,t_ds_square_w_640,q_50/lsci/db/PICTURES/CMS/321500/321569.png"
Abid Mushtaq,RR,"https://img1.hscicdn.com/image/upload/f_auto,t_ds_square_w_640,q_50/lsci/db/PICTURES/CMS/324300/324373.png"
Abdul Samad,SRH,"https://img1.hscicdn.com/image/upload/f_auto,t_ds_square_w_640,q_50/lsci/db/PICTURES/CMS/321900/321943.png"
Aiden Markram,SRH,"https://img1.hscicdn.com/image/upload/f_auto,t_ds_square_w_640,q_50/lsci/db/PICTURES/CMS/319900/319934.png"
Rahul Tripathi,SRH,"https://img1.hscicdn.com/image/upload/f_auto,t_ds_square_w_640,q_50/lsci/db/PICTURES/CMS/316600/316605.png"
Glenn Phillips,SRH,"https://img1.hscicdn.com/image/upload/f_auto,t_ds_square_w_640,q_50/lsci/db/PICTURES/CMS/315000/315015.jpg"
Heinrich Klaasen,SRH,"https://img1.hscicdn.com/image/upload/f_auto,t_ds_square_w_640,q_50/lsci/db/PICTURES/CMS/316600/316657.png"
Mayank Agarwal,SRH,"https://img1.hscicdn.com/image/upload/f_auto,t_ds_square_w_640,q_50/lsci/db/PICTURES/CMS/322600/322611.png"
Anmolpreet Singh,SRH,"https://img1.hscicdn.com/image/upload/f_auto,t_ds_square_w_640,q_50/lsci/db/PICTURES/CMS/378000/378081.1.png"
Upendra Singh Yadav,SRH,"https://img1.hscicdn.com/image/upload/f_auto,t_ds_square_w_640,q_50/lsci/db/PICTURES/CMS/359700/359758.png"
Nitish Kumar Reddy,SRH,"https://img1.hscicdn.com/image/upload/f_auto,t_ds_square_w_640,q_50/lsci/db/PICTURES/CMS/359700/359762.png"
Abhishek Sharma,SRH,"https://img1.hscicdn.com/image/upload/f_auto,t_ds_square_w_640,q_50/lsci/db/PICTURES/CMS/357600/357624.4.jpg"
Marco Jansen,SRH,"https://img1.hscicdn.com/image/upload/f_auto,t_ds_square_w_640,q_50/lsci/db/PICTURES/CMS/324200/324221.png"
Washington Sundar,SRH,"https://img1.hscicdn.com/image/upload/f_auto,t_ds_square_w_640,q_50/lsci/db/PICTURES/CMS/358000/358047.png"
Sanvir Singh,SRH,"https://img1.hscicdn.com/image/upload/f_auto,t_ds_square_w_640,q_50/lsci/db/PICTURES/CMS/322900/322910.png"
Bhuvneshwar Kumar,SRH,"https://img1.hscicdn.com/image/upload/f_auto,t_ds_square_w_640,q_50/lsci/db/PICTURES/CMS/378000/378096.1.png"
T Natarajan,SRH,"https://img1.hscicdn.com/image/upload/f_auto,t_ds_square_w_640,q_50/lsci/db/PICTURES/CMS/357400/357416.2.jpg"
Mayank Markande,SRH,"https://img1.hscicdn.com/image/upload/f_auto,t_ds_square_w_640,q_50/lsci/db/PICTURES/CMS/316600/316692.png"
Umran Malik,SRH,"https://img1.hscicdn.com/image/upload/f_auto,t_ds_square_w_640,q_50/lsci/db/PICTURES/CMS/339100/339145.png"
Fazalhaq Farooqi,SRH,"https://img1.hscicdn.com/image/upload/f_auto,t_ds_square_w_640,q_50/lsci/db/PICTURES/CMS/358000/358037.png"
Shahbaz Ahmed,SRH,"https://img1.hscicdn.com/image/upload/f_auto,t_ds_square_w_640,q_50/lsci/db/PICTURES/CMS/322600/322626.png"
Travis Head,SRH,"https://img1.hscicdn.com/image/upload/f_auto,t_ds_square_w_640,q_50/lsci/db/PICTURES/CMS/315000/315007.jpg"
Wanindu Hasaranga,SRH,"https://img1.hscicdn.com/image/upload/f_auto,t_ds_square_w_640,q_50/lsci/db/PICTURES/CMS/358000/358038.png"
Pat Cummins,SRH,"https://img1.hscicdn.com/image/upload/f_auto,t_ds_square_w_640,q_50/lsci/db/PICTURES/CMS/345000/345077.png"
Jaydev Unadkat,SRH,"https://img1.hscicdn.com/image/upload/f_auto,t_ds_square_w_640,q_50/lsci/db/PICTURES/CMS/321500/321584.png"
Akash Singh,SRH,"https://img1.hscicdn.com/image/upload/f_auto,t_ds_square_w_640,q_50/lsci/db/PICTURES/CMS/337100/337189.png"
Jhathavedh Subramanyan,SRH,"https://img1.hscicdn.com/image/upload/f_auto,t_ds_square_w_640,q_50/lsci/db/PICTURES/CMS/322000/322073.png"
,,"https://img1.hscicdn.com/image/upload/f_auto,t_ds_square_w_640,q_50/lsci/db/PICTURES/CMS/316600/316658.png"
,,"https://img1.hscicdn.com/image/upload/f_auto,t_ds_square_w_640,q_50/lsci/db/PICTURES/CMS/355400/355403.png"
,,"https://img1.hscicdn.com/image/upload/f_auto,t_ds_square_w_640,q_50/lsci/db/PICTURES/CMS/322000/322067.png"
,,"https://img1.hscicdn.com/image/upload/f_auto,t_ds_square_w_640,q_50/lsci/db/PICTURES/CMS/322600/322699.png"
,,"https://img1.hscicdn.com/image/upload/f_auto,t_ds_square_w_640,q_50/lsci/db/PICTURES/CMS/314800/314899.png"
,,"https://img1.hscicdn.com/image/upload/f_auto,t_ds_square_w_640,q_50/lsci/db/PICTURES/CMS/321200/321223.png"
,,"https://img1.hscicdn.com/image/upload/f_auto,t_ds_square_w_640,q_50/lsci/db/PICTURES/CMS/359700/359765.png"
,,"https://img1.hscicdn.com/image/upload/f_auto,t_ds_square_w_640,q_50/lsci/db/PICTURES/CMS/340300/340313.png"
,,"https://img1.hscicdn.com/image/upload/f_auto,t_ds_square_w_640,q_50/lsci/db/PICTURES/CMS/361800/361882.4.jpg"
,,"https://img1.hscicdn.com/image/upload/f_auto,t_ds_square_w_640,q_50/lsci/db/PICTURES/CMS/356800/356821.1.png"
,,"https://img1.hscicdn.com/image/upload/f_auto,t_ds_square_w_640,q_50/lsci/db/PICTURES/CMS/343200/343263.png"
,,"https://img1.hscicdn.com/image/upload/f_auto,t_ds_square_w_640,q_50/lsci/db/PICTURES/CMS/322600/322698.png"
,,"https://img1.hscicdn.com/image/upload/f_auto,t_ds_square_w_640,q_50/lsciNone"
,,"https://img1.hscicdn.com/image/upload/f_auto,t_ds_square_w_640,q_50/lsci/db/PICTURES/CMS/322600/322619.png"
,,"https://img1.hscicdn.com/image/upload/f_auto,t_ds_square_w_640,q_50/lsci/db/PICTURES/CMS/378100/378125.1.png"
,,"https://img1.hscicdn.com/image/upload/f_auto,t_ds_square_w_640,q_50/lsci/db/PICTURES/CMS/322900/322946.png"
